language,method,problem,dim,instance,budget,best_f,evals_used,time_s,error,hit_tol1,hit_tol2,hit_tol3,hit_tol4,hit_tol5,hit_tol6,hit_tol7,hit_tol8
python,skopt_gp,sphere,2,9,50,1.799856668517389e-05,50,37.567656,,13,15,17,50,,,,
python,skopt_gp,sphere,2,2,50,1.1976839422252385e-06,50,39.614199,,15,16,16,20,21,,,
python,skopt_gp,sphere,2,6,50,1.4231787366549087e-05,50,40.226879,,11,14,17,23,,,,
python,skopt_gp,sphere,2,4,50,4.5286865585377787e-08,50,42.008698,,19,20,21,24,24,25,25,
python,skopt_gp,sphere,2,12,50,5.723243553239987e-07,50,42.178767,,26,27,29,32,42,42,,
python,skopt_gp,sphere,2,3,50,1.1558173743503905e-05,50,43.190127,,14,17,18,25,,,,
python,skopt_gp,sphere,2,1,50,5.489237721301839e-07,50,43.934923,,10,13,19,19,41,42,,
python,skopt_gp,sphere,2,5,50,1.9302517305987142e-06,50,44.172048,,15,17,18,40,40,,,
python,skopt_gp,sphere,2,15,50,1.8817434363194477e-05,50,44.861766,,16,19,21,31,,,,
python,skopt_gp,sphere,2,7,50,2.2587494700864542e-08,50,45.641856,,20,22,23,23,38,38,38,
python,skopt_gp,sphere,2,10,50,1.654474690040477e-06,50,45.903796,,18,20,21,24,42,,,
python,skopt_gp,sphere,2,13,50,8.268088226399708e-07,50,46.569913,,11,13,14,37,46,48,,
python,skopt_gp,sphere,2,11,50,3.7362748202000584e-06,50,47.840765,,19,21,27,35,47,,,
python,skopt_gp,sphere,2,14,50,1.38628105872899e-05,50,48.340426,,15,17,18,27,,,,
python,skopt_gp,sphere,2,8,50,1.74424774780775e-05,50,49.295887,,10,13,14,22,,,,
python,skopt_gp,rosenbrock,2,4,50,0.12794473249639376,50,33.26165,,,,,,,,,
python,skopt_gp,rosenbrock,2,2,50,0.9980784035203851,50,35.58783,,,,,,,,,
python,skopt_gp,rosenbrock,2,5,50,1.9412321238156085,50,34.634131,,,,,,,,,
python,skopt_gp,rosenbrock,2,3,50,4.636195230047077,50,37.514905,,,,,,,,,
python,skopt_gp,rosenbrock,2,1,50,0.057003313664835194,50,42.028484,,42,,,,,,,
python,skopt_gp,rosenbrock,2,6,50,0.28783221075284915,50,29.897239,,,,,,,,,
python,skopt_gp,rosenbrock,2,9,50,1.65492965365158,50,37.966839,,,,,,,,,
python,skopt_gp,rosenbrock,2,10,50,2.01127830480359,50,37.424423,,,,,,,,,
python,skopt_gp,rosenbrock,2,7,50,1.9754779993717235,50,51.032112,,,,,,,,,
python,skopt_gp,rosenbrock,2,8,50,0.1930173411398966,50,53.762195,,,,,,,,,
python,skopt_gp,rosenbrock,2,11,50,0.16618780052112395,50,32.048614,,,,,,,,,
python,skopt_gp,rosenbrock,2,13,50,0.0035270223904655617,50,30.973227,,22,23,,,,,,
python,skopt_gp,rosenbrock,2,12,50,4.852447590520174,50,33.937196,,,,,,,,,
python,skopt_gp,rosenbrock,2,14,50,1.7688660307809352,50,38.545194,,,,,,,,,
python,skopt_gp,rosenbrock,2,15,50,0.0012446087631866772,50,46.135229,,11,29,,,,,,
python,skopt_gp,sphere,5,5,125,0.00013904605852546294,125,186.645335,,37,41,52,,,,,
python,skopt_gp,sphere,5,1,125,0.00021577072831986487,125,196.900327,,36,44,74,,,,,
python,skopt_gp,sphere,5,2,125,0.00031378360490192595,125,198.387606,,42,50,78,,,,,
python,skopt_gp,sphere,5,3,125,0.0020360287622456577,125,205.19288,,36,42,,,,,,
python,skopt_gp,sphere,5,13,125,0.00010613551968073308,125,170.691063,,34,56,75,,,,,
python,skopt_gp,sphere,5,4,125,0.0004778595144857146,125,218.179213,,35,46,85,,,,,
python,skopt_gp,sphere,5,15,125,4.525050043221663e-05,125,180.313142,,28,34,55,59,,,,
python,skopt_gp,sphere,5,8,125,0.00011639034478235416,125,186.209339,,39,50,62,,,,,
python,skopt_gp,sphere,5,7,125,8.507760063395689e-05,125,187.267178,,43,48,66,118,,,,
python,skopt_gp,sphere,5,11,125,0.000417290712967771,125,186.142497,,28,35,67,,,,,
python,skopt_gp,sphere,5,6,125,2.7772039231074208e-05,125,201.52901,,34,47,78,110,,,,
python,skopt_gp,sphere,5,12,125,5.800213625000483e-06,125,196.604497,,39,45,82,89,92,,,
python,skopt_gp,sphere,5,9,125,0.0003323615577611937,125,199.897391,,43,47,85,,,,,
python,skopt_gp,sphere,5,10,125,0.001543330639919565,125,205.268477,,33,62,,,,,,
python,skopt_gp,sphere,5,14,125,0.0001349870978374116,125,207.941099,,42,44,87,,,,,
python,skopt_gp,rastrigin,2,1,50,1.409956939959983,50,21.677212,,,,,,,,,
python,skopt_gp,rastrigin,2,2,50,0.9951281345996215,50,22.454812,,,,,,,,,
python,skopt_gp,rastrigin,2,3,50,4.916417149114167,50,26.859236,,,,,,,,,
python,skopt_gp,rastrigin,2,4,50,1.9910963972882598,50,30.117512,,,,,,,,,
python,skopt_gp,rastrigin,2,5,50,0.9959473408765831,50,26.917601,,,,,,,,,
python,skopt_gp,rastrigin,2,6,50,2.3754836021519665,50,29.566377,,,,,,,,,
python,skopt_gp,rastrigin,2,7,50,3.98006850040575,50,32.718115,,,,,,,,,
python,skopt_gp,rastrigin,2,8,50,1.000741772291299,50,33.495907,,,,,,,,,
python,skopt_gp,rastrigin,2,9,50,0.9953882654035091,50,26.664683,,,,,,,,,
python,skopt_gp,rastrigin,2,10,50,8.957557593285008,50,29.629719,,,,,,,,,
python,skopt_gp,rastrigin,2,11,50,0.9950521990749728,50,30.115617,,,,,,,,,
python,skopt_gp,rastrigin,2,12,50,1.0151384125855714,50,29.194524,,,,,,,,,
python,skopt_gp,rastrigin,2,13,50,2.7111803417494116,50,25.431139,,,,,,,,,
python,skopt_gp,rastrigin,2,15,50,9.958928420371178,50,23.028517,,,,,,,,,
python,skopt_gp,rastrigin,2,14,50,1.0043098899800142,50,35.569681,,,,,,,,,
python,skopt_gp,rosenbrock,5,3,125,5.052933005169715,125,195.958817,,,,,,,,,
python,skopt_gp,rosenbrock,5,4,125,4.686830381538528,125,189.68658,,,,,,,,,
python,skopt_gp,rosenbrock,5,1,125,2.2547204453370107,125,235.113116,,,,,,,,,
python,skopt_gp,rosenbrock,5,7,125,4.690214128602694,125,183.843364,,,,,,,,,
python,skopt_gp,rosenbrock,5,2,125,0.9888060863247623,125,224.803012,,,,,,,,,
python,skopt_gp,rosenbrock,5,6,125,4.088839154777995,125,204.845049,,,,,,,,,
python,skopt_gp,rosenbrock,5,9,125,3.495695149265611,125,197.728355,,,,,,,,,
python,skopt_gp,rosenbrock,5,15,125,2.1739004883347297,125,184.38656,,,,,,,,,
python,skopt_gp,rosenbrock,5,5,125,2.933148828215273,125,231.414981,,,,,,,,,
python,skopt_gp,rosenbrock,5,8,125,5.507605237159215,125,218.614114,,,,,,,,,
python,skopt_gp,rosenbrock,5,14,125,3.422168882386978,125,218.194011,,,,,,,,,
python,skopt_gp,rosenbrock,5,12,125,5.28788249134196,125,220.641103,,,,,,,,,
python,skopt_gp,rosenbrock,5,11,125,3.667748316414932,125,234.270862,,,,,,,,,
python,skopt_gp,rosenbrock,5,13,125,3.3489397839636665,125,226.061734,,,,,,,,,
python,skopt_gp,rosenbrock,5,10,125,1.0680372460968193,125,238.0519,,,,,,,,,
python,skopt_gp,ackley,2,2,50,0.6176055166557117,50,21.007674,,,,,,,,,
python,skopt_gp,ackley,2,1,50,2.176725138330174,50,27.136694,,,,,,,,,
python,skopt_gp,ackley,2,3,50,1.0267066436728673,50,23.86228,,,,,,,,,
python,skopt_gp,ackley,2,5,50,0.3304459247262881,50,23.433834,,,,,,,,,
python,skopt_gp,ackley,2,4,50,2.1226778625415617,50,26.181537,,,,,,,,,
python,skopt_gp,ackley,2,6,50,1.9638908516939577,50,23.421126,,,,,,,,,
python,skopt_gp,ackley,2,9,50,0.6541729213772034,50,23.743714,,,,,,,,,
python,skopt_gp,ackley,2,7,50,0.3941967538555571,50,28.46638,,,,,,,,,
python,skopt_gp,ackley,2,8,50,0.6278138617524829,50,26.59121,,,,,,,,,
python,skopt_gp,rastrigin,5,3,125,26.280072071830432,125,178.391305,,,,,,,,,
python,skopt_gp,rastrigin,5,2,125,13.67927112942418,125,182.22528,,,,,,,,,
python,skopt_gp,ackley,2,10,50,0.723192918191391,50,29.574856,,,,,,,,,
python,skopt_gp,rastrigin,5,1,125,27.653962248831128,125,189.698029,,,,,,,,,
python,skopt_gp,ackley,2,11,50,0.6826105588994307,50,22.289373,,,,,,,,,
python,skopt_gp,rastrigin,5,4,125,20.11917649305167,125,188.519095,,,,,,,,,
python,skopt_gp,rastrigin,5,6,125,21.573789172906736,125,169.925331,,,,,,,,,
python,skopt_gp,ackley,2,12,50,0.7997720825889556,50,23.945313,,,,,,,,,
python,skopt_gp,ackley,2,13,50,0.3350998985746796,50,24.986498,,,,,,,,,
python,skopt_gp,rastrigin,5,5,125,22.29058979850501,125,186.773958,,,,,,,,,
python,skopt_gp,ackley,2,15,50,0.44866772971651203,50,23.0139,,,,,,,,,
python,skopt_gp,ackley,2,14,50,2.062596495936415,50,26.338984,,,,,,,,,
python,skopt_gp,rastrigin,5,11,125,7.5729166091212505,125,140.783439,,,,,,,,,
python,skopt_gp,rastrigin,5,8,125,15.543622404557652,125,161.609506,,,,,,,,,
python,skopt_gp,rastrigin,5,7,125,20.80666546474904,125,185.584389,,,,,,,,,
python,skopt_gp,rastrigin,5,9,125,18.78495765118177,125,184.228902,,,,,,,,,
python,skopt_gp,rastrigin,5,10,125,41.23077601417668,125,190.90485,,,,,,,,,
python,skopt_gp,rastrigin,5,15,125,14.071108344534267,125,167.847546,,,,,,,,,
python,skopt_gp,rastrigin,5,14,125,23.17576073591148,125,181.683649,,,,,,,,,
python,skopt_gp,rastrigin,5,12,125,22.216576176015145,125,204.190119,,,,,,,,,
python,skopt_gp,griewank,2,1,50,0.2551222451758386,50,40.2505,,,,,,,,,
python,skopt_gp,griewank,2,2,50,0.24743993055621682,50,37.226376,,,,,,,,,
python,skopt_gp,rastrigin,5,13,125,13.76740275634885,125,208.464791,,,,,,,,,
python,skopt_gp,griewank,2,3,50,0.12953705360933665,50,34.945298,,,,,,,,,
python,skopt_gp,griewank,2,4,50,0.3407270864487355,50,38.45694,,,,,,,,,
python,skopt_gp,griewank,2,5,50,0.12471501847178701,50,40.670267,,,,,,,,,
python,skopt_gp,griewank,2,6,50,0.15673257139703733,50,35.109534,,,,,,,,,
python,skopt_gp,griewank,2,7,50,0.06744396168747613,50,37.655166,,41,,,,,,,
python,skopt_gp,griewank,2,8,50,0.15260596407669458,50,29.328846,,,,,,,,,
python,skopt_gp,ackley,5,6,125,2.048793751680656,125,147.067465,,,,,,,,,
python,skopt_gp,griewank,2,9,50,0.1477305127154197,50,29.263,,,,,,,,,
python,skopt_gp,ackley,5,1,125,2.5782435298331667,125,174.58366,,,,,,,,,
python,skopt_gp,ackley,5,2,125,2.1511151400416932,125,175.528337,,,,,,,,,
python,skopt_gp,ackley,5,5,125,2.862079331176876,125,165.339185,,,,,,,,,
python,skopt_gp,ackley,5,3,125,1.948684754956688,125,178.292593,,,,,,,,,
python,skopt_gp,ackley,5,7,125,1.9877491055588838,125,166.030163,,,,,,,,,
python,skopt_gp,griewank,2,10,50,0.40974399584988463,50,37.929302,,,,,,,,,
python,skopt_gp,griewank,2,13,50,0.2654308568881656,50,34.023933,,,,,,,,,
python,skopt_gp,griewank,2,12,50,0.30923038267360514,50,35.555035,,,,,,,,,
python,skopt_gp,ackley,5,9,125,2.2899570147130466,125,169.375608,,,,,,,,,
python,skopt_gp,ackley,5,4,125,2.6217555004931623,125,183.667289,,,,,,,,,
python,skopt_gp,griewank,2,11,50,0.3118095363384774,50,40.063842,,,,,,,,,
python,skopt_gp,ackley,5,11,125,1.8679546080921416,125,170.500488,,,,,,,,,
python,skopt_gp,ackley,5,10,125,2.4722510079483233,125,172.33912,,,,,,,,,
python,skopt_gp,ackley,5,12,125,2.2902412147978173,125,169.68012,,,,,,,,,
python,skopt_gp,ackley,5,8,125,1.527751781509036,125,176.700655,,,,,,,,,
python,skopt_gp,griewank,2,14,50,0.22435897526440618,50,37.597118,,,,,,,,,
python,skopt_gp,ackley,5,14,125,3.1897026940255953,125,161.723167,,,,,,,,,
python,skopt_gp,griewank,2,15,50,0.22087269512774832,50,37.037701,,,,,,,,,
python,skopt_gp,ackley,5,13,125,2.13710156069158,125,174.889636,,,,,,,,,
python,skopt_gp,ackley,5,15,125,3.035485052900587,125,157.873386,,,,,,,,,
python,skopt_gp,levy,2,4,50,0.21815247115311573,50,26.166162,,,,,,,,,
python,skopt_gp,levy,2,3,50,1.9658550047272667,50,34.183362,,,,,,,,,
python,skopt_gp,levy,2,1,50,0.0001355011625710252,50,38.387185,,28,31,32,,,,,
python,skopt_gp,levy,2,2,50,9.17171888450281e-05,50,38.405933,,17,32,32,45,,,,
python,skopt_gp,levy,2,5,50,0.2590821805620441,50,37.067709,,,,,,,,,
python,skopt_gp,levy,2,6,50,0.00036517518982095076,50,34.577275,,20,28,28,,,,,
python,skopt_gp,levy,2,8,50,0.00018406152678336802,50,34.143919,,22,23,28,,,,,
python,skopt_gp,levy,2,7,50,0.21317840664602838,50,35.628735,,,,,,,,,
python,skopt_gp,levy,2,9,50,0.0006829901242887997,50,38.013744,,23,24,24,,,,,
python,skopt_gp,levy,2,11,50,1.8218859028610248,50,24.115604,,,,,,,,,
python,skopt_gp,levy,2,10,50,0.001817119810321941,50,41.182604,,46,49,,,,,,
python,skopt_gp,levy,2,12,50,0.0006617379613409731,50,30.863868,,21,24,26,,,,,
python,skopt_gp,levy,2,13,50,0.0017142551794913923,50,34.448224,,12,17,,,,,,
python,skopt_gp,levy,2,14,50,0.04775881346605505,50,40.098896,,28,,,,,,,
python,skopt_gp,levy,2,15,50,3.3222882497473725,50,30.25782,,,,,,,,,
python,skopt_gp,griewank,5,13,125,0.5944987917256721,125,161.522756,,,,,,,,,
python,skopt_gp,griewank,5,2,125,0.5310926463043952,125,184.299024,,,,,,,,,
python,skopt_gp,griewank,5,5,125,0.11572938392993604,125,180.311238,,,,,,,,,
python,skopt_gp,griewank,5,1,125,0.5174701194583571,125,191.266495,,,,,,,,,
python,skopt_gp,griewank,5,3,125,0.6968157255095356,125,188.751003,,,,,,,,,
python,skopt_gp,griewank,5,4,125,0.12560948477489708,125,187.260005,,,,,,,,,
python,skopt_gp,griewank,5,7,125,0.6958729813594884,125,181.096237,,,,,,,,,
python,skopt_gp,griewank,5,8,125,0.6965487138903323,125,192.927514,,,,,,,,,
python,skopt_gp,griewank,5,15,125,0.6910640536315574,125,190.045057,,,,,,,,,
python,skopt_gp,griewank,5,12,125,0.4241856362675438,125,198.124068,,,,,,,,,
python,skopt_gp,griewank,5,6,125,0.7626418567275638,125,208.924824,,,,,,,,,
python,skopt_gp,griewank,5,9,125,0.4831251783296394,125,204.020307,,,,,,,,,
python,skopt_gp,griewank,5,14,125,0.47319704028375253,125,199.075071,,,,,,,,,
python,skopt_gp,griewank,5,10,125,0.35002828293909494,125,204.392634,,,,,,,,,
python,skopt_gp,griewank,5,11,125,0.6439661981976581,125,211.147107,,,,,,,,,
python,skopt_gp,schwefel,2,1,50,0.04071621306798079,50,23.264116,,30,,,,,,,
python,skopt_gp,schwefel,2,2,50,118.44373313452945,50,24.24161,,,,,,,,,
python,skopt_gp,schwefel,2,4,50,118.57655371435044,50,29.312406,,,,,,,,,
python,skopt_gp,schwefel,2,3,50,335.5888546006969,50,32.62618,,,,,,,,,
python,skopt_gp,schwefel,2,5,50,298.32395350314107,50,33.805964,,,,,,,,,
python,skopt_gp,schwefel,2,6,50,0.005653852916452706,50,26.565127,,22,22,,,,,,
python,skopt_gp,schwefel,2,7,50,137.3475962987651,50,31.269646,,,,,,,,,
python,skopt_gp,schwefel,2,8,50,0.08650838011840278,50,29.84641,,19,,,,,,,
python,skopt_gp,schwefel,2,9,50,186.50778782491216,50,30.19309,,,,,,,,,
python,skopt_gp,schwefel,2,10,50,236.88257996144694,50,33.964762,,,,,,,,,
python,skopt_gp,schwefel,2,11,50,118.44639465535238,50,28.893306,,,,,,,,,
python,skopt_gp,levy,5,5,125,1.6733706877317047,125,154.459205,,,,,,,,,
python,skopt_gp,schwefel,2,13,50,74.52437971992288,50,29.244593,,,,,,,,,
python,skopt_gp,schwefel,2,12,50,422.218946401945,50,36.06612,,,,,,,,,
python,skopt_gp,levy,5,2,125,0.09548075461742374,125,181.275507,,89,,,,,,,
python,skopt_gp,schwefel,2,14,50,236.88470569551816,50,30.759184,,,,,,,,,
python,skopt_gp,levy,5,1,125,1.2627205189057074,125,200.754546,,,,,,,,,
python,skopt_gp,schwefel,2,15,50,-104.12224706075472,50,26.555141,,8,8,8,8,8,8,8,8
python,skopt_gp,levy,5,3,125,0.040722728064831216,125,187.204189,,95,,,,,,,
python,skopt_gp,levy,5,6,125,0.10560653876743027,125,164.136219,,,,,,,,,
python,skopt_gp,levy,5,7,125,3.572917144849485,125,164.717427,,,,,,,,,
python,skopt_gp,levy,5,4,125,0.27567620368136847,125,211.05545,,,,,,,,,
python,skopt_gp,levy,5,11,125,0.578033947639771,125,164.160617,,,,,,,,,
python,skopt_gp,levy,5,9,125,0.5327410595885936,125,170.227754,,,,,,,,,
python,skopt_gp,levy,5,8,125,0.5503371943354958,125,184.852363,,,,,,,,,
python,skopt_gp,levy,5,14,125,0.18687045811246134,125,171.134841,,,,,,,,,
python,skopt_gp,levy,5,10,125,2.308251316409093,125,191.524536,,,,,,,,,
python,skopt_gp,levy,5,13,125,1.4342230431245577,125,184.417498,,,,,,,,,
python,skopt_gp,levy,5,12,125,0.07256147868611111,125,205.860791,,96,,,,,,,
python,skopt_gp,levy,5,15,125,1.0586652297779933,125,187.449054,,,,,,,,,
python,skopt_gp,zakharov,2,2,50,4.443506556732711,50,38.296373,,,,,,,,,
python,skopt_gp,zakharov,2,3,50,4.008315476444529,50,37.27065,,,,,,,,,
python,skopt_gp,zakharov,2,1,50,0.012861595619066607,50,46.777197,,24,,,,,,,
python,skopt_gp,zakharov,2,4,50,0.07022303195968778,50,32.279758,,47,,,,,,,
python,skopt_gp,zakharov,2,5,50,1.08392882945877,50,52.513784,,,,,,,,,
python,skopt_gp,zakharov,2,7,50,1.883538327915993,50,29.718085,,,,,,,,,
python,skopt_gp,zakharov,2,8,50,0.005801988747510463,50,32.359021,,33,38,,,,,,
python,skopt_gp,zakharov,2,6,50,2.6119999144622477,50,52.339272,,,,,,,,,
python,skopt_gp,zakharov,2,9,50,1.9825884747930762,50,43.024518,,,,,,,,,
python,skopt_gp,zakharov,2,11,50,14.847404595850385,50,34.265745,,,,,,,,,
python,skopt_gp,zakharov,2,10,50,1.6133853922766126,50,36.73466,,,,,,,,,
python,skopt_gp,schwefel,5,3,125,518.2618277588385,125,185.812195,,,,,,,,,
python,skopt_gp,schwefel,5,6,125,516.3520778350974,125,181.813711,,,,,,,,,
python,skopt_gp,zakharov,2,12,50,0.4576373065688799,50,35.341373,,,,,,,,,
python,skopt_gp,schwefel,5,4,125,191.25563982964286,125,187.202403,,,,,,,,,
python,skopt_gp,schwefel,5,1,125,379.0725804320741,125,206.551516,,,,,,,,,
python,skopt_gp,schwefel,5,5,125,432.09761765782514,125,195.542299,,,,,,,,,
python,skopt_gp,schwefel,5,7,125,608.6924668858132,125,188.137479,,,,,,,,,
python,skopt_gp,schwefel,5,2,125,305.67501453883733,125,206.574314,,,,,,,,,
python,skopt_gp,zakharov,2,13,50,0.004288938885739663,50,34.195066,,24,31,,,,,,
python,skopt_gp,schwefel,5,9,125,-63.15452752595593,125,192.477195,,121,121,121,121,121,121,121,121
python,skopt_gp,zakharov,2,14,50,0.2484270963621285,50,40.114983,,,,,,,,,
python,skopt_gp,zakharov,2,15,50,0.8717664597732391,50,31.955462,,,,,,,,,
python,skopt_gp,schwefel,5,10,125,420.65146624483464,125,196.472277,,,,,,,,,
python,skopt_gp,schwefel,5,8,125,567.5251747215455,125,220.869944,,,,,,,,,
python,skopt_gp,schwefel,5,11,125,166.52102531572768,125,192.819551,,,,,,,,,
python,skopt_gp,schwefel,5,14,125,880.4174302438676,125,190.340565,,,,,,,,,
python,skopt_gp,schwefel,5,13,125,433.79269805659897,125,198.259686,,,,,,,,,
python,skopt_gp,schwefel,5,12,125,113.5282302488315,125,205.223133,,,,,,,,,
python,skopt_gp,branin,2,2,50,0.0002060038720603785,50,23.693856,,19,22,25,,,,,
python,skopt_gp,branin,2,3,50,6.28797998967201e-05,50,32.403298,,20,21,29,31,,,,
python,skopt_gp,branin,2,1,50,6.634335642274891e-05,50,45.030173,,24,26,39,46,,,,
python,skopt_gp,branin,2,4,50,0.0006906235076016287,50,38.91241,,11,14,31,,,,,
python,skopt_gp,schwefel,5,15,125,411.7875121002935,125,230.505314,,,,,,,,,
python,skopt_gp,branin,2,5,50,0.0008013165778422149,50,42.603439,,28,30,43,,,,,
python,skopt_gp,branin,2,6,50,1.0993865743103015e-05,50,37.806111,,18,22,40,43,,,,
python,skopt_gp,branin,2,7,50,3.6178971445366415e-06,50,43.017559,,13,20,23,34,39,,,
python,skopt_gp,branin,2,8,50,0.0005786958606783799,50,42.66229,,15,37,47,,,,,
python,skopt_gp,branin,2,9,50,0.00016716953037132498,50,41.899052,,30,37,37,,,,,
python,skopt_gp,branin,2,11,50,0.00019642942728914647,50,23.040108,,20,24,41,,,,,
python,skopt_gp,branin,2,10,50,0.001358977345462975,50,35.267152,,24,26,,,,,,
python,skopt_gp,branin,2,12,50,0.000805102420347481,50,25.940611,,23,26,34,,,,,
python,skopt_gp,zakharov,5,5,125,31.358847440889242,125,164.300891,,,,,,,,,
python,skopt_gp,zakharov,5,1,125,26.866336665504292,125,169.023761,,,,,,,,,
python,skopt_gp,zakharov,5,2,125,30.780873107568542,125,179.113508,,,,,,,,,
python,skopt_gp,zakharov,5,3,125,23.576328968076442,125,180.948696,,,,,,,,,
python,skopt_gp,branin,2,13,50,0.0006776051653769599,50,36.047815,,26,37,49,,,,,
python,skopt_gp,zakharov,5,9,125,88.51499714659684,125,168.091656,,,,,,,,,
python,skopt_gp,zakharov,5,11,125,41.251528177510785,125,165.12826,,,,,,,,,
python,skopt_gp,zakharov,5,10,125,26.882326168362773,125,170.460624,,,,,,,,,
python,skopt_gp,branin,2,14,50,0.0019557585747485007,50,37.519739,,36,37,,,,,,
python,skopt_gp,zakharov,5,12,125,23.80349261835511,125,168.865067,,,,,,,,,
python,skopt_gp,branin,2,15,50,0.00033434875950000276,50,38.595884,,17,29,38,,,,,
python,skopt_gp,goldstein_price,2,1,50,32.65333455450165,50,35.783956,,,,,,,,,
python,skopt_gp,goldstein_price,2,2,50,86.42413830943,50,31.485948,,,,,,,,,
python,skopt_gp,zakharov,5,6,125,48.32389964579667,125,187.665452,,,,,,,,,
python,skopt_gp,goldstein_price,2,3,50,456.0580173617,50,33.111189,,,,,,,,,
python,skopt_gp,zakharov,5,13,125,60.81844859506564,125,170.799325,,,,,,,,,
python,skopt_gp,goldstein_price,2,4,50,3.9338026605437486,50,35.074444,,,,,,,,,
python,skopt_gp,zakharov,5,14,125,51.17388518463066,125,161.756855,,,,,,,,,
python,skopt_gp,goldstein_price,2,5,50,93.58454157550949,50,32.415913,,,,,,,,,
python,skopt_gp,zakharov,5,4,125,1.4389038692969762,125,210.573466,,,,,,,,,
python,skopt_gp,goldstein_price,2,6,50,27.809777667609158,50,34.601962,,,,,,,,,
python,skopt_gp,goldstein_price,2,11,50,911.3197263241088,50,26.979618,,,,,,,,,
python,skopt_gp,goldstein_price,2,8,50,36.139710450389266,50,33.762645,,,,,,,,,
python,skopt_gp,goldstein_price,2,7,50,30.11679156799456,50,37.775513,,,,,,,,,
python,skopt_gp,goldstein_price,2,15,50,848.0284693854295,50,26.849499,,,,,,,,,
python,skopt_gp,zakharov,5,15,125,20.00170209923871,125,174.727615,,,,,,,,,
python,skopt_gp,goldstein_price,2,10,50,79.98856646097123,50,36.963363,,,,,,,,,
python,skopt_gp,zakharov,5,7,125,61.14704736309416,125,210.88372,,,,,,,,,
python,skopt_gp,goldstein_price,2,12,50,52.358010564083834,50,38.498113,,,,,,,,,
python,skopt_gp,six_hump_camel,2,3,50,0.6526728215005878,50,28.564153,,,,,,,,,
python,skopt_gp,six_hump_camel,2,2,50,0.007547766037748094,50,29.974464,,36,50,,,,,,
python,skopt_gp,goldstein_price,2,14,50,29.139191990125667,50,36.134965,,,,,,,,,
python,skopt_gp,six_hump_camel,2,1,50,0.00010780716218983244,50,34.887424,,10,14,50,,,,,
python,skopt_gp,goldstein_price,2,9,50,134.90934157234665,50,48.508952,,,,,,,,,
python,skopt_gp,zakharov,5,8,125,21.09519315856964,125,219.881102,,,,,,,,,
python,skopt_gp,goldstein_price,2,13,50,19.61484124566888,50,47.2272,,,,,,,,,
python,skopt_gp,six_hump_camel,2,7,50,3.195958208717671,50,29.310405,,,,,,,,,
python,skopt_gp,six_hump_camel,2,5,50,0.009307668497272825,50,33.503408,,37,48,,,,,,
python,skopt_gp,six_hump_camel,2,4,50,0.8242479656116201,50,43.193788,,,,,,,,,
python,skopt_gp,six_hump_camel,2,11,50,0.14762958589521125,50,25.898367,,,,,,,,,
python,skopt_gp,six_hump_camel,2,9,50,0.2925172560810462,50,33.966178,,,,,,,,,
python,skopt_gp,six_hump_camel,2,6,50,0.009006786426878355,50,40.183835,,41,46,,,,,,
python,skopt_gp,six_hump_camel,2,12,50,0.0004324959602601819,50,30.325723,,14,20,31,,,,,
python,skopt_gp,six_hump_camel,2,15,50,0.0003005123038493096,50,32.150379,,24,28,43,,,,,
python,skopt_gp,six_hump_camel,2,8,50,0.8171781740237677,50,40.893791,,,,,,,,,
python,skopt_gp,six_hump_camel,2,13,50,0.00040820772842242725,50,34.844207,,9,33,39,,,,,
python,skopt_gp,six_hump_camel,2,14,50,0.00012877501207642084,50,35.753881,,6,8,26,,,,,
python,skopt_gp,six_hump_camel,2,10,50,0.0032016972532149524,50,46.813079,,23,26,,,,,,
python,skopt_gp,shekel5,4,7,100,5.053306865618763,100,85.15031,,,,,,,,,
python,skopt_gp,shekel5,4,11,100,7.470799268762669,100,77.448099,,,,,,,,,
python,skopt_gp,shekel5,4,6,100,7.523195744921445,100,92.419053,,,,,,,,,
python,skopt_gp,shekel5,4,3,100,0.009180037077022973,100,97.127925,,78,91,,,,,,
python,skopt_gp,shekel5,4,2,100,7.522802020127684,100,99.911675,,,,,,,,,
python,skopt_gp,shekel5,4,5,100,5.059680245853973,100,105.098173,,,,,,,,,
python,skopt_gp,shekel5,4,1,100,0.0054638244642930545,100,112.34359,,61,91,,,,,,
python,skopt_gp,shekel5,4,4,100,5.054012017435183,100,110.560279,,,,,,,,,
python,skopt_gp,shekel5,4,10,100,7.470440852835136,100,102.196287,,,,,,,,,
python,skopt_gp,shekel5,4,8,100,7.470418086582519,100,106.440124,,,,,,,,,
python,skopt_gp,shekel5,4,15,100,7.52278350677291,100,98.551401,,,,,,,,,
python,skopt_gp,shekel5,4,13,100,5.052591717747399,100,101.606392,,,,,,,,,
python,skopt_gp,shekel7,4,1,100,7.6372220021555,100,97.836593,,,,,,,,,
python,skopt_gp,shekel5,4,9,100,0.001167633440390503,100,113.657947,,92,92,,,,,,
python,skopt_gp,shekel5,4,14,100,0.07483268469403548,100,105.174666,,92,,,,,,,
python,skopt_gp,shekel7,4,3,100,6.6790417672928255,100,100.088223,,,,,,,,,
python,skopt_gp,shekel7,4,5,100,8.565475561426917,100,93.301269,,,,,,,,,
python,skopt_gp,shekel7,4,2,100,0.011365050799987841,100,107.125762,,84,,,,,,,
python,skopt_gp,shekel7,4,4,100,7.637091322100698,100,108.915891,,,,,,,,,
python,skopt_gp,shekel5,4,12,100,0.002851893445976472,100,122.290856,,99,99,,,,,,
python,skopt_gp,shekel7,4,6,100,0.00046583750135908986,100,99.327176,,81,92,92,,,,,
python,skopt_gp,shekel7,4,8,100,7.651356513501959,100,96.094019,,,,,,,,,
python,skopt_gp,shekel7,4,7,100,8.565389532306652,100,106.946931,,,,,,,,,
python,skopt_gp,shekel10,4,5,100,8.677014923591779,100,78.704133,,,,,,,,,
python,skopt_gp,shekel7,4,13,100,5.274549090643547,100,98.40158,,,,,,,,,
python,skopt_gp,shekel7,4,10,100,0.0030415817434761294,100,111.776542,,72,81,,,,,,
python,skopt_gp,shekel7,4,9,100,0.0044121232956850776,100,116.3982,,55,100,,,,,,
python,skopt_gp,shekel7,4,15,100,7.6371806453224345,100,99.768836,,,,,,,,,
python,skopt_gp,shekel7,4,12,100,7.637209156183921,100,106.28832,,,,,,,,,
python,skopt_gp,shekel10,4,2,100,6.701274997431537,100,97.624888,,,,,,,,,
python,skopt_gp,shekel7,4,11,100,5.280771566082464,100,114.378657,,,,,,,,,
python,skopt_gp,shekel7,4,14,100,7.637091582344798,100,107.059423,,,,,,,,,
python,skopt_gp,shekel10,4,4,100,6.7011200680569605,100,100.439751,,,,,,,,,
python,skopt_gp,shekel10,4,7,100,7.73004470314475,100,101.97775,,,,,,,,,
python,skopt_gp,shekel10,4,3,100,0.18836947733921328,100,109.232253,,,,,,,,,
python,skopt_gp,shekel10,4,6,100,0.00490729963689418,100,107.601163,,75,75,,,,,,
python,skopt_gp,shekel10,4,8,100,6.701255106608961,100,103.35811,,,,,,,,,
python,skopt_gp,shekel10,4,1,100,0.01944587961776456,100,117.649744,,98,,,,,,,
python,skopt_gp,shekel10,4,9,100,6.701818383623004,100,102.364448,,,,,,,,,
python,skopt_gp,shekel10,4,10,100,8.114698418099707,100,100.703548,,,,,,,,,
python,skopt_gp,hartmann3,3,5,75,7.4135226434624e-05,75,46.72243,,17,20,24,33,,,,
python,skopt_gp,hartmann3,3,1,75,3.444274379882373e-05,75,64.310282,,21,23,45,45,,,,
python,skopt_gp,hartmann3,3,6,75,0.004091284584778698,75,60.958775,,17,17,,,,,,
python,skopt_gp,hartmann3,3,4,75,0.004086681053852015,75,66.349835,,12,14,,,,,,
python,skopt_gp,hartmann3,3,2,75,1.7856171091068518e-05,75,72.147661,,12,16,20,30,,,,
python,skopt_gp,shekel10,4,14,100,8.11482238039121,100,86.376036,,,,,,,,,
python,skopt_gp,hartmann3,3,12,75,3.8336293712415426e-05,75,55.555368,,39,41,42,63,,,,
python,skopt_gp,shekel10,4,13,100,0.0012412391390945743,100,92.890723,,46,82,,,,,,
python,skopt_gp,hartmann3,3,3,75,1.709298876351184e-05,75,76.653776,,26,29,36,41,,,,
python,skopt_gp,hartmann3,3,9,75,0.00408374684973456,75,65.259788,,15,19,,,,,,
python,skopt_gp,shekel10,4,12,100,6.7010956132341155,100,102.934907,,,,,,,,,
python,skopt_gp,hartmann3,3,8,75,2.0642551523231134e-05,75,69.64223,,11,14,21,28,,,,
python,skopt_gp,hartmann3,3,7,75,0.004112357327731075,75,75.785292,,15,20,,,,,,
python,skopt_gp,hartmann3,3,15,75,0.004086563374428476,75,60.815547,,17,20,,,,,,
python,skopt_gp,shekel10,4,11,100,5.361128277016657,100,112.75366,,,,,,,,,
python,skopt_gp,hartmann3,3,11,75,0.004077550230848992,75,67.136638,,15,15,,,,,,
python,skopt_gp,hartmann3,3,10,75,0.004154054066181523,75,71.844311,,15,18,,,,,,
python,skopt_gp,hartmann3,3,13,75,2.2256099309281296e-05,75,67.164994,,14,19,32,35,,,,
python,skopt_gp,hartmann3,3,14,75,3.043591015572389e-05,75,68.375103,,31,35,45,46,,,,
python,skopt_gp,shekel10,4,15,100,7.72982943302744,100,100.089312,,,,,,,,,
python,skopt_gp,hartmann6,6,9,150,0.3784864766405396,150,195.415605,,,,,,,,,
python,skopt_gp,hartmann6,6,4,150,0.00035724773397793896,150,209.204087,,39,44,55,,,,,
python,skopt_gp,hartmann6,6,1,150,0.12050052056849214,150,229.866544,,,,,,,,,
python,skopt_gp,hartmann6,6,15,150,0.00021063098823193016,150,197.557235,,29,37,56,,,,,
python,skopt_gp,hartmann6,6,10,150,0.0002172333039363039,150,204.166151,,55,57,67,,,,,
python,skopt_gp,hartmann6,6,5,150,0.11937293849924169,150,213.676467,,,,,,,,,
python,skopt_gp,hartmann6,6,13,150,0.2679781328832398,150,201.655901,,,,,,,,,
python,skopt_gp,hartmann6,6,7,150,0.891876298292781,150,219.49499,,,,,,,,,
python,skopt_gp,hartmann6,6,8,150,0.11936228349101663,150,220.298035,,,,,,,,,
python,skopt_gp,hartmann6,6,2,150,0.12189595456577296,150,244.915684,,,,,,,,,
python,skopt_gp,hartmann6,6,12,150,0.11944103213498858,150,227.107342,,,,,,,,,
python,skopt_gp,hartmann6,6,11,150,0.00028879100808687497,150,233.557249,,38,51,58,,,,,
python,skopt_gp,hartmann6,6,3,150,0.000337043906355472,150,247.760295,,37,48,53,,,,,
python,skopt_gp,hartmann6,6,14,150,0.11935010906665777,150,231.137519,,,,,,,,,
python,skopt_gp,hartmann6,6,6,150,8.481822700057151e-05,150,248.4938,,86,94,97,99,,,,
